Name,description,timestamp,begin,end,altitudeMode,tessellate,extrude,visibility,drawOrder,icon,X,Y,Xcoord,Ycoord
A,,,,,,"-1","0","-1",,,,,89.929055309513,23.1338607343954
F,,,,,,"-1","0","-1",,,,,89.2249714383972,21.8428060500325
G,,,,,,"-1","0","-1",,,,,89.2961181692235,24.5964568235566
F,,,,,,"-1","0","-1",,,,,89.1270563401376,21.9654336596083
F,,,,,,"-1","0","-1",,,,,89.3024241850371,21.9489821034518
W,,,,,,"-1","0","-1",,,,,89.3290197648819,21.7763629152896
F,,,,,,"-1","0","-1",,,,,89.4055947077222,21.8605411156374
S,,,,,,"-1","0","-1",,,,,89.4725315229491,21.9749195064287
W,,,,,,"-1","0","-1",,,,,89.4902999015877,21.8386
S,,,,,,"-1","0","-1",,,,,89.4411976094629,21.7238265294686
F,,,,,,"-1","0","-1",,,,,89.5901749638522,21.836306515516
H,,,,,,"-1","0","-1",,,,,89.6010862618528,21.7244080290043
W,,,,,,"-1","0","-1",,,,,89.6804170057509,21.8733322301286
G,,,,,,"-1","0","-1",,,,,89.7822051737987,21.8549371203882
F,,,,,,"-1","0","-1",,,,,89.7141217759658,21.9754516246577
W,,,,,,"-1","0","-1",,,,,89.5918713363737,22.0275421797174
S,,,,,,"-1","0","-1",,,,,89.3911590151075,22.0790575189476
F,,,,,,"-1","0","-1",,,,,89.2161452225806,22.0611486866589
G,,,,,,"-1","0","-1",,,,,89.0534812017318,22.0719384214053
W,,,,,,"-1","0","-1",,,,,89.1282455536337,22.1464129214983
F,,,,,,"-1","0","-1",,,,,89.5218945104508,22.135607633201
F,,,,,,"-1","0","-1",,,,,89.2651474849534,22.1488956682702
F,,,,,,"-1","0","-1",,,,,89.6879870244228,22.0769888592739
F,,,,,,"-1","0","-1",,,,,89.8243605075461,22.0101085240002
W,,,,,,"-1","0","-1",,,,,90.0083868590066,21.963192960464
H,,,,,,"-1","0","-1",,,,,89.9744667604207,22.0982464485682
G,,,,,,"-1","0","-1",,,,,89.8853035708104,22.1210356582273
H,,,,,,"-1","0","-1",,,,,89.1898283890364,22.2553384167631
F,,,,,,"-1","0","-1",,,,,89.4257555279713,22.251977916994
A,,,,,,"-1","0","-1",,,,,89.2926650604481,22.3420120266688
W,,,,,,"-1","0","-1",,,,,89.5099348468423,22.3325204561713
F,,,,,,"-1","0","-1",,,,,89.621813544564,22.2519742431557
G,,,,,,"-1","0","-1",,,,,89.7074146080627,22.1850994849235
A,,,,,,"-1","0","-1",,,,,89.8171998117168,22.2195143874346
A,,,,,,"-1","0","-1",,,,,89.9944984740445,22.2062567969512
H,,,,,,"-1","0","-1",,,,,89.8957311924349,22.3086799245538
G,,,,,,"-1","0","-1",,,,,89.7637496010889,22.3377560095464
F,,,,,,"-1","0","-1",,,,,89.6944717954683,22.2978693089107
H,,,,,,"-1","0","-1",,,,,89.0308075448054,22.3382253243078
A,,,,,,"-1","0","-1",,,,,89.1213532991489,22.383110327813
A,,,,,,"-1","0","-1",,,,,89.2301896231568,22.4445009247398
W,,,,,,"-1","0","-1",,,,,89.417312680778,22.4240307999013
H,,,,,,"-1","0","-1",,,,,89.5642314839456,22.3951289922119
A,,,,,,"-1","0","-1",,,,,89.7281306791091,22.435801820854
H,,,,,,"-1","0","-1",,,,,89.8798981437347,22.3815435822593
G,,,,,,"-1","0","-1",,,,,90.0247194234304,22.3396571159348
F,,,,,,"-1","0","-1",,,,,90.1226383726087,22.2601645198018
H,,,,,,"-1","0","-1",,,,,90.1082563380213,22.1529233833253
H,,,,,,"-1","0","-1",,,,,90.142668719966,22.0490556466564
A,,,,,,"-1","0","-1",,,,,90.1204185719895,21.9728862100218
H,,,,,,"-1","0","-1",,,,,90.052149847837,21.8929646804029
H,,,,,,"-1","0","-1",,,,,90.1981812681982,21.8590888247913
H,,,,,,"-1","0","-1",,,,,90.3067541371671,21.9966570891372
H,,,,,,"-1","0","-1",,,,,90.2910955865275,22.0811997251717
G,,,,,,"-1","0","-1",,,,,90.2340979999036,22.2132072233004
H,,,,,,"-1","0","-1",,,,,90.1973263707308,22.3388515631256
G,,,,,,"-1","0","-1",,,,,90.132291832638,22.4411679846477
H,,,,,,"-1","0","-1",,,,,90.3304218428393,22.4292041299354
A,,,,,,"-1","0","-1",,,,,90.3443707751217,22.2955103626057
G,,,,,,"-1","0","-1",,,,,90.457003163975,22.1728453062258
W,,,,,,"-1","0","-1",,,,,90.4301071700726,22.064226953765
A,,,,,,"-1","0","-1",,,,,90.4580094072191,21.9642312032738
A,,,,,,"-1","0","-1",,,,,89.0254035535358,22.5238019672184
H,,,,,,"-1","0","-1",,,,,89.1231264212367,22.5695703077271
A,,,,,,"-1","0","-1",,,,,89.2901980739401,22.5969851824732
H,,,,,,"-1","0","-1",,,,,89.4952010013658,22.5141078621932
W,,,,,,"-1","0","-1",,,,,89.4406779488676,22.606020182892
H,,,,,,"-1","0","-1",,,,,89.6411595535721,22.5407901959796
F,,,,,,"-1","0","-1",,,,,89.8631541729138,22.5161168448697
H,,,,,,"-1","0","-1",,,,,89.7717141875638,22.6228620707936
G,,,,,,"-1","0","-1",,,,,89.623105812279,22.6787949652324
G,,,,,,"-1","0","-1",,,,,89.4811597474081,22.7419350338656
W,,,,,,"-1","0","-1",,,,,89.3770302222958,22.6804080267118
G,,,,,,"-1","0","-1",,,,,89.2587019791882,22.7399638877831
H,,,,,,"-1","0","-1",,,,,89.162316240135,22.682087430935
F,,,,,,"-1","0","-1",,,,,88.963679992254,22.6521028055854
H,,,,,,"-1","0","-1",,,,,89.0986807232609,22.7483138126928
A,,,,,,"-1","0","-1",,,,,89.2253808176027,22.8635056778709
W,,,,,,"-1","0","-1",,,,,89.404851907967,22.8454132151743
A,,,,,,"-1","0","-1",,,,,89.3318639551853,22.9471804040781
H,,,,,,"-1","0","-1",,,,,89.6173484289079,22.8432291759591
G,,,,,,"-1","0","-1",,,,,89.726761975196,22.8017984848751
F,,,,,,"-1","0","-1",,,,,89.8719791451932,22.7037786092863
H,,,,,,"-1","0","-1",,,,,88.9713271563626,22.8427976975017
A,,,,,,"-1","0","-1",,,,,89.0923815411626,22.9419477910862
H,,,,,,"-1","0","-1",,,,,88.9014041623228,23.0187850525018
G,,,,,,"-1","0","-1",,,,,89.0131334475947,23.066597665802
F,,,,,,"-1","0","-1",,,,,89.2293079848658,23.0478757462292
A,,,,,,"-1","0","-1",,,,,89.5197778030095,22.9471549010417
W,,,,,,"-1","0","-1",,,,,89.7356391332074,22.9317122266647
A,,,,,,"-1","0","-1",,,,,89.635878754596,22.9954667759796
A,,,,,,"-1","0","-1",,,,,89.4335111172997,23.0598424228161
F,,,,,,"-1","0","-1",,,,,89.1322893744749,23.1464129876913
A,,,,,,"-1","0","-1",,,,,88.9556755935251,23.2332269312599
S,,,,,,"-1","0","-1",,,,,89.3285523758923,23.1507788020918
F,,,,,,"-1","0","-1",,,,,88.7445354024493,23.268207052339
A,,,,,,"-1","0","-1",,,,,88.9214589790671,23.3355262923573
H,,,,,,"-1","0","-1",,,,,88.8188385179886,23.4361355147998
H,,,,,,"-1","0","-1",,,,,89.0119594168687,23.4398416158373
H,,,,,,"-1","0","-1",,,,,89.1216544028388,23.3280766897476
G,,,,,,"-1","0","-1",,,,,89.244482359206,23.2533276237406
A,,,,,,"-1","0","-1",,,,,89.5206596078551,23.2342249509653
F,,,,,,"-1","0","-1",,,,,89.7327919049765,23.1404475144213
A,,,,,,"-1","0","-1",,,,,89.4313471945245,23.3373118556951
A,,,,,,"-1","0","-1",,,,,89.2833757160833,23.4218988685438
A,,,,,,"-1","0","-1",,,,,88.847164207101,23.2389384848369
H,,,,,,"-1","0","-1",,,,,90.0957199724594,21.8315725316245
A,,,,,,"-1","0","-1",,,,,90.5496364864006,21.8969006194962
G,,,,,,"-1","0","-1",,,,,90.6482058468223,21.9548536882765
F,,,,,,"-1","0","-1",,,,,90.5885227808766,22.0684635598189
G,,,,,,"-1","0","-1",,,,,90.9003990227887,22.1181042160893
G,,,,,,"-1","0","-1",,,,,89.1115924954842,23.4204887684002
A,,,,,,"-1","0","-1",,,,,89.2062888878769,23.4744265643601
H,,,,,,"-1","0","-1",,,,,89.8203208018189,22.8034120225509
A,,,,,,"-1","0","-1",,,,,89.9478814314236,22.803920610342
G,,,,,,"-1","0","-1",,,,,89.8905418909314,22.8735210808293
G,,,,,,"-1","0","-1",,,,,89.8290937001994,22.99147407136
H,,,,,,"-1","0","-1",,,,,89.958184809029,22.9981983592972
B,,,,,,"-1","0","-1",,,,,90.0384692402745,22.9212335382019
A,,,,,,"-1","0","-1",,,,,90.1215804258936,22.804584779756
G,,,,,,"-1","0","-1",,,,,90.0281718787572,22.6541093581364
G,,,,,,"-1","0","-1",,,,,90.0161675956149,22.5344414156158
F,,,,,,"-1","0","-1",,,,,90.101450153264,22.5915901190558
A,,,,,,"-1","0","-1",,,,,88.9140486832409,23.5398177096366
A,,,,,,"-1","0","-1",,,,,89.050602644107,23.5424288159766
H,,,,,,"-1","0","-1",,,,,88.6545346326978,23.5820051798926
F,,,,,,"-1","0","-1",,,,,88.8180660140935,23.6419566032209
G,,,,,,"-1","0","-1",,,,,88.9927766780149,23.691712272297
H,,,,,,"-1","0","-1",,,,,89.2150270469498,23.6303477465217
G,,,,,,"-1","0","-1",,,,,89.3288418246992,23.5488633742136
G,,,,,,"-1","0","-1",,,,,89.395876483047,23.4748478095649
W,,,,,,"-1","0","-1",,,,,89.6276440795647,23.247749741422
A,,,,,,"-1","0","-1",,,,,89.767550770784,23.3223752394135
G,,,,,,"-1","0","-1",,,,,89.936312562771,23.2901610357237
A,,,,,,"-1","0","-1",,,,,90.0616160556453,23.2019317489987
H,,,,,,"-1","0","-1",,,,,90.094992534097,23.0694572135653
H,,,,,,"-1","0","-1",,,,,90.1861291877731,22.9622168965042
A,,,,,,"-1","0","-1",,,,,90.2477486787816,22.8636817632071
F,,,,,,"-1","0","-1",,,,,90.1782099820865,22.7069929745404
G,,,,,,"-1","0","-1",,,,,90.2586332595421,22.5966714624096
A,,,,,,"-1","0","-1",,,,,90.4178861620536,22.5287416860209
H,,,,,,"-1","0","-1",,,,,90.4735425477696,22.4001166318875
W,,,,,,"-1","0","-1",,,,,90.5933224917664,22.5154088305678
G,,,,,,"-1","0","-1",,,,,90.5074044874102,22.6077305006171
A,,,,,,"-1","0","-1",,,,,90.4006728449999,22.6757847057099
A,,,,,,"-1","0","-1",,,,,89.1253635764966,23.7370840175027
H,,,,,,"-1","0","-1",,,,,89.2770022894215,23.7199084611234
G,,,,,,"-1","0","-1",,,,,89.2175260898,23.8535115574368
A,,,,,,"-1","0","-1",,,,,89.001057313059,23.8301964419559
A,,,,,,"-1","0","-1",,,,,89.0785500054597,23.9304232334596
G,,,,,,"-1","0","-1",,,,,88.6885345759476,23.7169564041125
W,,,,,,"-1","0","-1",,,,,88.5864350069662,23.7821022363861
A,,,,,,"-1","0","-1",,,,,88.8814279747339,23.7687065462276
A,,,,,,"-1","0","-1",,,,,88.6967919792729,23.8531226044721
A,,,,,,"-1","0","-1",,,,,88.8168538782511,23.917616539157
A,,,,,,"-1","0","-1",,,,,88.9335180584779,23.9430546148725
H,,,,,,"-1","0","-1",,,,,88.78675036944,24.0238590856917
W,,,,,,"-1","0","-1",,,,,88.7946081185626,24.1250703902602
A,,,,,,"-1","0","-1",,,,,88.9738427859166,24.0871555589284
H,,,,,,"-1","0","-1",,,,,89.1269777551568,24.0563061428672
A,,,,,,"-1","0","-1",,,,,89.6092435566778,23.4146340955259
F,,,,,,"-1","0","-1",,,,,89.5260596015092,23.4971686878846
G,,,,,,"-1","0","-1",,,,,89.7017337942015,23.4994189265121
H,,,,,,"-1","0","-1",,,,,89.8263970448134,23.4148986914683
A,,,,,,"-1","0","-1",,,,,89.9592346961777,23.3934210870342
W,,,,,,"-1","0","-1",,,,,90.1131405878327,23.3007823196271
A,,,,,,"-1","0","-1",,,,,90.1866719620823,23.4040807750167
S,,,,,,"-1","0","-1",,,,,90.0837409703155,23.4863372801383
G,,,,,,"-1","0","-1",,,,,89.88466387847,23.5151837990121
W,,,,,,"-1","0","-1",,,,,89.9868499857156,23.5759036150752
A,,,,,,"-1","0","-1",,,,,89.6026984225689,23.6895201300892
H,,,,,,"-1","0","-1",,,,,89.8182117561327,23.5953770113499
S,,,,,,"-1","0","-1",,,,,89.8874540719944,23.6671450339497
H,,,,,,"-1","0","-1",,,,,89.4184792509089,23.6915493069171
S,,,,,,"-1","0","-1",,,,,89.9523371511892,23.9109650031096
A,,,,,,"-1","0","-1",,,,,89.9850682751718,23.7428299523464
W,,,,,,"-1","0","-1",,,,,89.5174784397835,23.6061103612827
H,,,,,,"-1","0","-1",,,,,88.8887476703559,24.1863776120393
A,,,,,,"-1","0","-1",,,,,90.0931131517237,23.6874413952721
S,,,,,,"-1","0","-1",,,,,88.7463295937819,24.250767165234
H,,,,,,"-1","0","-1",,,,,90.1085959837107,23.8139837568801
A,,,,,,"-1","0","-1",,,,,89.0460802895494,24.2110179564543
H,,,,,,"-1","0","-1",,,,,88.9205466832438,24.3286896757
A,,,,,,"-1","0","-1",,,,,89.7336315617035,23.7433261821151
A,,,,,,"-1","0","-1",,,,,90.2154895808594,23.5617610758972
A,,,,,,"-1","0","-1",,,,,89.3582437410057,23.8849184946668
G,,,,,,"-1","0","-1",,,,,89.843791020832,23.8757723748553
G,,,,,,"-1","0","-1",,,,,89.5449085468869,24.0366394759986
A,,,,,,"-1","0","-1",,,,,89.4564951180148,23.8003956024325
A,,,,,,"-1","0","-1",,,,,89.2337223996296,24.1423844007451
A,,,,,,"-1","0","-1",,,,,89.5282553669355,24.1919279284462
A,,,,,,"-1","0","-1",,,,,89.3930258944404,24.0704648702586
H,,,,,,"-1","0","-1",,,,,89.6161390069065,23.8658306739867
H,,,,,,"-1","0","-1",,,,,89.6989807501606,24.2243644250798
H,,,,,,"-1","0","-1",,,,,89.196975505841,24.2977745122508
A,,,,,,"-1","0","-1",,,,,89.4209904438855,24.2404533690863
A,,,,,,"-1","0","-1",,,,,89.4962653612263,23.9522798831343
H,,,,,,"-1","0","-1",,,,,89.5931136848542,24.3230974898869
H,,,,,,"-1","0","-1",,,,,89.2970131826473,24.4208974448641
W,,,,,,"-1","0","-1",,,,,89.6178978985885,24.4763590145283
H,,,,,,"-1","0","-1",,,,,89.7070196716292,24.3908112021198
G,,,,,,"-1","0","-1",,,,,89.4877854955351,24.3952978994204
A,,,,,,"-1","0","-1",,,,,89.3937774725747,24.5052975441675
G,,,,,,"-1","0","-1",,,,,89.7979114484026,24.1152766041046
S,,,,,,"-1","0","-1",,,,,89.8094907948851,24.2989627837441
W,,,,,,"-1","0","-1",,,,,88.4955733965283,25.1588570048962
S,,,,,,"-1","0","-1",,,,,89.7568776110115,23.9740790477493
H,,,,,,"-1","0","-1",,,,,89.2444470595307,24.0028699181754
F,,,,,,"-1","0","-1",,,,,88.6424162983697,25.191374825325
A,,,,,,"-1","0","-1",,,,,88.8565479073791,25.183052460945
S,,,,,,"-1","0","-1",,,,,88.7563198721817,25.1392761959011
W,,,,,,"-1","0","-1",,,,,88.8069235371594,24.9761103425395
A,,,,,,"-1","0","-1",,,,,88.9020670445042,25.0715052176739
A,,,,,,"-1","0","-1",,,,,88.4273918735613,24.9514831795754
A,,,,,,"-1","0","-1",,,,,88.7339979232554,25.0444935064646
A,,,,,,"-1","0","-1",,,,,88.6201148949817,25.0738077140378
S,,,,,,"-1","0","-1",,,,,88.4542688984827,25.0456339651546
H,,,,,,"-1","0","-1",,,,,88.5840669819193,24.9602715489024
A,,,,,,"-1","0","-1",,,,,88.6944114750519,24.889235290743
A,,,,,,"-1","0","-1",,,,,88.5216161410874,24.8550410895061
A,,,,,,"-1","0","-1",,,,,88.3582035678443,24.8549744225255
A,,,,,,"-1","0","-1",,,,,88.1974543924037,24.8870592467851
G,,,,,,"-1","0","-1",,,,,88.28795541698,24.814080849108
H,,,,,,"-1","0","-1",,,,,88.4623290424462,24.7635366914152
A,,,,,,"-1","0","-1",,,,,88.3712209157899,24.6886860253543
H,,,,,,"-1","0","-1",,,,,88.0637790656321,24.6657576564647
G,,,,,,"-1","0","-1",,,,,88.1902630729643,24.774367938072
A,,,,,,"-1","0","-1",,,,,88.2401353904242,24.6607373842053
A,,,,,,"-1","0","-1",,,,,88.1832709838648,24.58597945066
G,,,,,,"-1","0","-1",,,,,88.2210615641011,24.4787560166446
A,,,,,,"-1","0","-1",,,,,88.3244100188928,24.5511391861124
S,,,,,,"-1","0","-1",,,,,88.3544825317569,24.4255498468954
H,,,,,,"-1","0","-1",,,,,88.4463066196556,24.4849018676713
H,,,,,,"-1","0","-1",,,,,88.4636952686628,24.585294379775
A,,,,,,"-1","0","-1",,,,,88.6329118235383,24.5427490026812
G,,,,,,"-1","0","-1",,,,,88.5995626406313,24.4083507997905
H,,,,,,"-1","0","-1",,,,,88.7148563714927,24.4852925122409
H,,,,,,"-1","0","-1",,,,,88.6943518951572,24.3356284460117
H,,,,,,"-1","0","-1",,,,,88.8564563886611,24.4182377777526
H,,,,,,"-1","0","-1",,,,,88.4822749067499,24.3747617172968
A,,,,,,"-1","0","-1",,,,,89.0964087104766,24.3790216660742
A,,,,,,"-1","0","-1",,,,,88.5323887105457,24.7013078229604
A,,,,,,"-1","0","-1",,,,,89.0081841794963,24.4552460496285
H,,,,,,"-1","0","-1",,,,,89.1986015471213,24.5056617081877
A,,,,,,"-1","0","-1",,,,,88.8481100836498,24.5325174883109
F,,,,,,"-1","0","-1",,,,,88.6550234863623,24.6496105446443
H,,,,,,"-1","0","-1",,,,,88.8051253974351,24.6250401842121
G,,,,,,"-1","0","-1",,,,,89.0087884421673,24.6045282427695
A,,,,,,"-1","0","-1",,,,,89.1313817567898,24.6384292247511
W,,,,,,"-1","0","-1",,,,,89.5034145124621,24.5582499215644
S,,,,,,"-1","0","-1",,,,,89.7129608164741,24.5517949122291
W,,,,,,"-1","0","-1",,,,,89.6816703552399,24.1075908319609
G,,,,,,"-1","0","-1",,,,,89.5485592914833,23.1312170541575
G,,,,,,"-1","0","-1",,,,,90.2615767313271,23.1055842308401
G,,,,,,"-1","0","-1",,,,,90.3505978789182,22.9935564987829
A,,,,,,"-1","0","-1",,,,,88.630360094068,24.7970860905008
G,,,,,,"-1","0","-1",,,,,88.7971142578311,24.7859356407036
W,,,,,,"-1","0","-1",,,,,88.9203536881414,24.6934638097987
H,,,,,,"-1","0","-1",,,,,89.0342112912521,24.7395074955029
A,,,,,,"-1","0","-1",,,,,89.2412579393276,24.7230883080764
H,,,,,,"-1","0","-1",,,,,89.4272781119592,24.6574052302176
G,,,,,,"-1","0","-1",,,,,89.6166976965054,24.6661519026319
A,,,,,,"-1","0","-1",,,,,89.8250400505368,24.6390679669793
S,,,,,,"-1","0","-1",,,,,89.7381259630136,24.7338244117816
H,,,,,,"-1","0","-1",,,,,89.9238344018463,24.7300619264018
A,,,,,,"-1","0","-1",,,,,89.8494988284868,24.8246153844275
H,,,,,,"-1","0","-1",,,,,88.8877795087029,24.8813439812007
H,,,,,,"-1","0","-1",,,,,89.0325307051006,24.9060658461753
A,,,,,,"-1","0","-1",,,,,89.176250611349,24.8288950459242
G,,,,,,"-1","0","-1",,,,,89.3235245665955,24.9184810255723
W,,,,,,"-1","0","-1",,,,,89.3908890211283,24.8011432925341
S,,,,,,"-1","0","-1",,,,,89.5116491717453,24.7575713771535
W,,,,,,"-1","0","-1",,,,,89.5796162826111,24.8380748920861
G,,,,,,"-1","0","-1",,,,,89.5428991175682,24.9376452683601
G,,,,,,"-1","0","-1",,,,,89.4752734064454,24.9930476690715
F,,,,,,"-1","0","-1",,,,,88.9776741702817,24.9976573280547
F,,,,,,"-1","0","-1",,,,,89.1742383083526,24.9717274605746
W,,,,,,"-1","0","-1",,,,,89.0890350478451,25.065303648748
A,,,,,,"-1","0","-1",,,,,89.325843012916,25.0413954423908
F,,,,,,"-1","0","-1",,,,,89.4276754234002,25.1001492442304
F,,,,,,"-1","0","-1",,,,,89.5638815387924,25.1034095532992
H,,,,,,"-1","0","-1",,,,,89.6593330610994,25.0092304916447
F,,,,,,"-1","0","-1",,,,,89.2229406933186,25.1400138898556
A,,,,,,"-1","0","-1",,,,,89.0822130054311,25.2200178121071
R,,,,,,"-1","0","-1",,,,,88.9926454039662,25.2904386346462
A,,,,,,"-1","0","-1",,,,,89.1919971639327,25.264149455935
F,,,,,,"-1","0","-1",,,,,89.388624294751,25.2028384236323
G,,,,,,"-1","0","-1",,,,,89.5676394035741,25.1880602119712
H,,,,,,"-1","0","-1",,,,,89.4955833337357,25.268917087359
H,,,,,,"-1","0","-1",,,,,88.199650538079,26.0890069094571
A,,,,,,"-1","0","-1",,,,,88.1868505293744,25.9599518193067
H,,,,,,"-1","0","-1",,,,,88.1269616569686,25.8145859855159
G,,,,,,"-1","0","-1",,,,,88.238595797957,25.8386988610078
F,,,,,,"-1","0","-1",,,,,88.3538286377176,25.912165689131
G,,,,,,"-1","0","-1",,,,,88.3239535525866,25.9911322849616
S,,,,,,"-1","0","-1",,,,,88.4464537959448,26.0024000940407
H,,,,,,"-1","0","-1",,,,,88.3944278326098,26.0965415620915
H,,,,,,"-1","0","-1",,,,,88.3039170316928,26.1546588027297
G,,,,,,"-1","0","-1",,,,,88.4275196949651,26.2102234656624
A,,,,,,"-1","0","-1",,,,,88.5644772556137,26.1152721110655
W,,,,,,"-1","0","-1",,,,,88.628156961868,25.9672107618831
H,,,,,,"-1","0","-1",,,,,88.5871494691902,26.2170847359375
G,,,,,,"-1","0","-1",,,,,88.500002963779,26.3035725087979
A,,,,,,"-1","0","-1",,,,,88.3947195259872,26.3106101326446
S,,,,,,"-1","0","-1",,,,,88.6493672324342,26.3254442417427
S,,,,,,"-1","0","-1",,,,,88.5081568786363,26.4079839726676
G,,,,,,"-1","0","-1",,,,,88.4388518207314,26.5040640078663
A,,,,,,"-1","0","-1",,,,,88.6233355275991,26.4456652814908
G,,,,,,"-1","0","-1",,,,,88.3425333193558,25.7979668036615
A,,,,,,"-1","0","-1",,,,,88.5281473847061,25.8443932424254
G,,,,,,"-1","0","-1",,,,,88.5034879118732,25.6996697935374
S,,,,,,"-1","0","-1",,,,,88.6072173244073,25.7660572418567
S,,,,,,"-1","0","-1",,,,,88.7014637822952,25.880583818767
F,,,,,,"-1","0","-1",,,,,88.5622185463129,25.5415132669481
A,,,,,,"-1","0","-1",,,,,88.757157210498,25.5032083969224
H,,,,,,"-1","0","-1",,,,,88.6813484044883,25.5515896416827
G,,,,,,"-1","0","-1",,,,,88.8899093354538,25.5880620734965
H,,,,,,"-1","0","-1",,,,,88.7827874394428,25.6592625388941
A,,,,,,"-1","0","-1",,,,,88.6485312495952,25.6847105097216
H,,,,,,"-1","0","-1",,,,,88.7768054814732,25.7902162861796
G,,,,,,"-1","0","-1",,,,,88.9585038268755,25.6938073979336
G,,,,,,"-1","0","-1",,,,,88.928976002648,25.8376992896244
H,,,,,,"-1","0","-1",,,,,88.8459131110837,25.9326865895525
H,,,,,,"-1","0","-1",,,,,88.783263061271,26.0189220378541
S,,,,,,"-1","0","-1",,,,,88.7444869111214,26.1328365449553
A,,,,,,"-1","0","-1",,,,,88.9171260452657,26.0676627172514
G,,,,,,"-1","0","-1",,,,,88.8788096581163,26.1945945037702
G,,,,,,"-1","0","-1",,,,,88.7734931310557,26.2629339057208
S,,,,,,"-1","0","-1",,,,,89.0027048382335,26.3644911842296
H,,,,,,"-1","0","-1",,,,,89.0836624528188,26.3296389414104
H,,,,,,"-1","0","-1",,,,,89.001842472193,26.238775271615
H,,,,,,"-1","0","-1",,,,,89.0933502301758,26.1923369564383
G,,,,,,"-1","0","-1",,,,,89.0374253491498,26.1160018635612
F,,,,,,"-1","0","-1",,,,,89.204900883437,26.0912702136223
S,,,,,,"-1","0","-1",,,,,89.1179266709112,25.9761419846611
W,,,,,,"-1","0","-1",,,,,89.1120999870372,25.8305532044526
H,,,,,,"-1","0","-1",,,,,89.2592772505634,25.8874485212954
H,,,,,,"-1","0","-1",,,,,89.3572115535721,25.9997409182681
A,,,,,,"-1","0","-1",,,,,88.8887996893621,25.4073789512336
W,,,,,,"-1","0","-1",,,,,89.0965066145861,25.3881404858448
G,,,,,,"-1","0","-1",,,,,88.9887044536984,25.4849574852467
F,,,,,,"-1","0","-1",,,,,89.0229482409826,25.5992844888818
S,,,,,,"-1","0","-1",,,,,89.1472729861332,25.5123640458018
A,,,,,,"-1","0","-1",,,,,89.1289994656687,25.6370084609887
H,,,,,,"-1","0","-1",,,,,89.2122034340724,25.7302146887092
A,,,,,,"-1","0","-1",,,,,89.3140127866762,25.7828747413665
A,,,,,,"-1","0","-1",,,,,89.4576120834274,25.8883023292125
G,,,,,,"-1","0","-1",,,,,89.2993673963602,25.3105384836471
A,,,,,,"-1","0","-1",,,,,89.3940900533693,25.3833747196132
G,,,,,,"-1","0","-1",,,,,89.5397617480959,25.4181388005995
G,,,,,,"-1","0","-1",,,,,89.4757062621278,25.4814709036423
G,,,,,,"-1","0","-1",,,,,90.2076872876189,23.1886318410401
H,,,,,,"-1","0","-1",,,,,90.2722246022385,23.2940947343249
H,,,,,,"-1","0","-1",,,,,90.376988507008,23.1916246157601
G,,,,,,"-1","0","-1",,,,,90.4560984875425,23.0954303314565
W,,,,,,"-1","0","-1",,,,,90.572844061448,22.9919532381787
F,,,,,,"-1","0","-1",,,,,90.4267956895819,22.8054273037578
H,,,,,,"-1","0","-1",,,,,90.501307541717,22.893481685212
G,,,,,,"-1","0","-1",,,,,90.5974418445224,22.7614668822817
W,,,,,,"-1","0","-1",,,,,90.6514753966191,22.8839628522786
H,,,,,,"-1","0","-1",,,,,90.6413861559001,22.6137180704805
W,,,,,,"-1","0","-1",,,,,90.7387237980821,22.6578758123727
W,,,,,,"-1","0","-1",,,,,90.7658816728552,22.8021951073024
G,,,,,,"-1","0","-1",,,,,89.8425452440823,24.403947142953
S,,,,,,"-1","0","-1",,,,,89.8310094930456,24.5151608523774
H,,,,,,"-1","0","-1",,,,,90.546664684561,22.3014794602006
F,,,,,,"-1","0","-1",,,,,90.6726405690853,22.1925523682517
A,,,,,,"-1","0","-1",,,,,90.8125241403228,22.25609960505
G,,,,,,"-1","0","-1",,,,,90.708021196299,22.3759531949212
W,,,,,,"-1","0","-1",,,,,90.7788239127482,22.5090466995133
G,,,,,,"-1","0","-1",,,,,91.3814686311481,23.0004361760998
A,,,,,,"-1","0","-1",,,,,91.250458927565,23.0268432633343
H,,,,,,"-1","0","-1",,,,,91.2941672157489,23.133356169995
G,,,,,,"-1","0","-1",,,,,91.3241272201987,22.879081666243
A,,,,,,"-1","0","-1",,,,,91.4752341608508,22.8966426824767
W,,,,,,"-1","0","-1",,,,,91.5162657441575,23.0482567355066
G,,,,,,"-1","0","-1",,,,,91.6438215059285,22.9456978997068
G,,,,,,"-1","0","-1",,,,,91.6174783060776,22.837445285223
G,,,,,,"-1","0","-1",,,,,91.737214737762,22.9030905246079
H,,,,,,"-1","0","-1",,,,,91.8189002151569,22.9966757658003
H,,,,,,"-1","0","-1",,,,,89.4312653376579,25.7782387143527
A,,,,,,"-1","0","-1",,,,,89.3445004050899,25.6570262183019
A,,,,,,"-1","0","-1",,,,,89.2938868073132,25.5638626167142
F,,,,,,"-1","0","-1",,,,,89.2591010266848,25.4404030197482
H,,,,,,"-1","0","-1",,,,,89.4310636501627,25.5909875411739
S,,,,,,"-1","0","-1",,,,,89.5689077747116,25.5957972284509
G,,,,,,"-1","0","-1",,,,,89.4939959145724,25.6976165081606
A,,,,,,"-1","0","-1",,,,,89.5690438989029,25.791164111363
G,,,,,,"-1","0","-1",,,,,89.5750790824784,25.9231282134441
A,,,,,,"-1","0","-1",,,,,89.6243931084047,26.0179418402281
H,,,,,,"-1","0","-1",,,,,89.6228961036985,26.1467905217887
W,,,,,,"-1","0","-1",,,,,89.7352317462116,26.1121967793809
S,,,,,,"-1","0","-1",,,,,89.7618475929181,25.9916557974635
H,,,,,,"-1","0","-1",,,,,89.6935142652862,25.9322840898971
H,,,,,,"-1","0","-1",,,,,89.7790102773954,25.833311706772
G,,,,,,"-1","0","-1",,,,,89.6774470326954,25.7335530106042
W,,,,,,"-1","0","-1",,,,,89.6826717429185,25.6267515039913
G,,,,,,"-1","0","-1",,,,,89.8147341714458,25.5923457591326
A,,,,,,"-1","0","-1",,,,,89.7363137650019,25.0919546905978
H,,,,,,"-1","0","-1",,,,,89.7249531607883,25.2269937068658
H,,,,,,"-1","0","-1",,,,,89.8245087168205,25.2844627061693
S,,,,,,"-1","0","-1",,,,,89.7129485341884,25.365430090986
G,,,,,,"-1","0","-1",,,,,89.793875835738,25.448835201774
S,,,,,,"-1","0","-1",,,,,89.6752730774844,25.5388991696847
H,,,,,,"-1","0","-1",,,,,89.8863929136207,25.2031413611114
F,,,,,,"-1","0","-1",,,,,89.9539347640516,25.2777649240545
G,,,,,,"-1","0","-1",,,,,90.0529164495227,25.2338419099157
F,,,,,,"-1","0","-1",,,,,90.0004597413884,25.130226833435
G,,,,,,"-1","0","-1",,,,,90.149457101427,25.1556622355146
A,,,,,,"-1","0","-1",,,,,90.1057501456176,25.052890633559
S,,,,,,"-1","0","-1",,,,,89.8832632184799,25.0090838125086
G,,,,,,"-1","0","-1",,,,,89.7602729612908,24.9052031333722
S,,,,,,"-1","0","-1",,,,,89.9940497367194,24.9027612722542
G,,,,,,"-1","0","-1",,,,,90.1739690760236,24.9763259007553
A,,,,,,"-1","0","-1",,,,,90.266492151323,25.088527977884
H,,,,,,"-1","0","-1",,,,,90.3458201539036,25.1649067287192
A,,,,,,"-1","0","-1",,,,,90.4719461901654,25.1062928355516
A,,,,,,"-1","0","-1",,,,,90.3881366836444,25.0003673479634
F,,,,,,"-1","0","-1",,,,,90.2816398908366,24.8978803750993
S,,,,,,"-1","0","-1",,,,,90.0983707642606,24.8870273828602
F,,,,,,"-1","0","-1",,,,,90.220741388584,24.8434449840699
F,,,,,,"-1","0","-1",,,,,90.0837774055952,24.7534974827403
H,,,,,,"-1","0","-1",,,,,90.2257842796269,24.7336053402175
S,,,,,,"-1","0","-1",,,,,90.3255767926858,24.8035298309357
G,,,,,,"-1","0","-1",,,,,90.4531275206802,24.8957350226556
W,,,,,,"-1","0","-1",,,,,90.5417223073331,25.0125051575139
G,,,,,,"-1","0","-1",,,,,90.630501915644,25.1537070065118
H,,,,,,"-1","0","-1",,,,,89.9561818173883,24.6322672411175
G,,,,,,"-1","0","-1",,,,,90.1251442910741,24.6583557866203
A,,,,,,"-1","0","-1",,,,,90.284239422683,24.6191983776647
A,,,,,,"-1","0","-1",,,,,90.3840343132685,24.7145119406865
G,,,,,,"-1","0","-1",,,,,90.5048794406637,24.8066256121894
G,,,,,,"-1","0","-1",,,,,90.6740511791458,24.9216233126972
H,,,,,,"-1","0","-1",,,,,90.7311176313452,25.0450945554272
G,,,,,,"-1","0","-1",,,,,90.9244785876435,25.1446698977024
F,,,,,,"-1","0","-1",,,,,90.9278155349702,22.6523585538828
G,,,,,,"-1","0","-1",,,,,91.0095027028925,22.8128917181161
G,,,,,,"-1","0","-1",,,,,91.1241989418621,22.7201831120487
G,,,,,,"-1","0","-1",,,,,91.1950069931271,22.8288114901434
F,,,,,,"-1","0","-1",,,,,91.1696022885794,22.9351102142147
A,,,,,,"-1","0","-1",,,,,91.0748355028542,23.009171673611
G,,,,,,"-1","0","-1",,,,,90.980493048824,22.9312343687587
H,,,,,,"-1","0","-1",,,,,91.4330373925298,23.1701548311805
H,,,,,,"-1","0","-1",,,,,90.8433469932869,22.9386404445357
H,,,,,,"-1","0","-1",,,,,90.9155323610976,23.0584236411562
W,,,,,,"-1","0","-1",,,,,91.0687729335261,23.11656461987
F,,,,,,"-1","0","-1",,,,,91.1865216039353,23.2068062407757
W,,,,,,"-1","0","-1",,,,,91.2773891442315,23.3228383463116
G,,,,,,"-1","0","-1",,,,,90.7325787793606,23.0424738413704
F,,,,,,"-1","0","-1",,,,,90.7875978631277,23.174461938687
W,,,,,,"-1","0","-1",,,,,90.6277479601022,23.1395683344478
F,,,,,,"-1","0","-1",,,,,90.683821417339,23.2623055644422
H,,,,,,"-1","0","-1",,,,,90.8248137483968,23.3326894913928
G,,,,,,"-1","0","-1",,,,,90.9830040772995,23.2151230280908
F,,,,,,"-1","0","-1",,,,,91.0967068765866,23.2662362219848
W,,,,,,"-1","0","-1",,,,,91.1604898413578,23.3842592881002
A,,,,,,"-1","0","-1",,,,,91.1995873000961,23.5412058105167
A,,,,,,"-1","0","-1",,,,,91.0940464482682,23.5029658988569
A,,,,,,"-1","0","-1",,,,,91.0091003277008,23.3940119516868
A,,,,,,"-1","0","-1",,,,,90.895168933174,23.2424604982093
H,,,,,,"-1","0","-1",,,,,90.8741303509391,23.4667106397608
H,,,,,,"-1","0","-1",,,,,90.7464397596474,23.4554101553469
F,,,,,,"-1","0","-1",,,,,90.5163383006473,23.264433336352
W,,,,,,"-1","0","-1",,,,,90.5980403855786,23.3634271945744
H,,,,,,"-1","0","-1",,,,,90.6386791817076,23.5384187300512
G,,,,,,"-1","0","-1",,,,,90.7985016628739,23.6106834069868
A,,,,,,"-1","0","-1",,,,,90.9848115895839,23.5650234612266
A,,,,,,"-1","0","-1",,,,,90.896300192861,23.6581206131367
H,,,,,,"-1","0","-1",,,,,91.0311385334035,23.7350232909894
A,,,,,,"-1","0","-1",,,,,91.1245860759672,23.6528182435016
S,,,,,,"-1","0","-1",,,,,90.4104082285558,23.3752990350391
G,,,,,,"-1","0","-1",,,,,90.5224518732265,23.4556871181198
W,,,,,,"-1","0","-1",,,,,90.552946381835,23.6133739237321
A,,,,,,"-1","0","-1",,,,,90.4026995080016,23.5818961724796
H,,,,,,"-1","0","-1",,,,,90.4802188399607,23.6898717625566
G,,,,,,"-1","0","-1",,,,,90.6297852734397,23.738278777342
G,,,,,,"-1","0","-1",,,,,90.7423682705623,23.7048337896301
G,,,,,,"-1","0","-1",,,,,90.8846996361351,23.8135024418375
A,,,,,,"-1","0","-1",,,,,91.0447280558152,23.8543421349835
F,,,,,,"-1","0","-1",,,,,91.200370444182,23.8033665099026
A,,,,,,"-1","0","-1",,,,,91.2434093269214,23.9336092819854
G,,,,,,"-1","0","-1",,,,,90.2937510126392,23.4893221592631
A,,,,,,"-1","0","-1",,,,,90.3144232383213,23.6424462904342
G,,,,,,"-1","0","-1",,,,,90.3550324478587,23.7364020333291
G,,,,,,"-1","0","-1",,,,,90.479262358843,23.83898343711
W,,,,,,"-1","0","-1",,,,,90.6147535925127,23.9309509481961
W,,,,,,"-1","0","-1",,,,,90.7429226578717,23.8630085442749
H,,,,,,"-1","0","-1",,,,,90.9095050526993,23.9411674938782
A,,,,,,"-1","0","-1",,,,,91.0878361385481,24.0089149471387
F,,,,,,"-1","0","-1",,,,,91.2309413122866,24.0509310179749
A,,,,,,"-1","0","-1",,,,,91.356259245939,24.0252097404464
S,,,,,,"-1","0","-1",,,,,91.3808404857974,24.1401970680679
H,,,,,,"-1","0","-1",,,,,91.5239078005483,24.0981371671189
H,,,,,,"-1","0","-1",,,,,91.5998955379472,24.1354228363951
R,,,,,,"-1","0","-1",,,,,91.7341264081006,24.2415287043136
F,,,,,,"-1","0","-1",,,,,90.9053666111789,22.8355537332186
H,,,,,,"-1","0","-1",,,,,91.0855593757962,22.578009755746
G,,,,,,"-1","0","-1",,,,,90.9003481057991,22.5174720779132
G,,,,,,"-1","0","-1",,,,,90.9798047401979,22.2724475311019
S,,,,,,"-1","0","-1",,,,,91.0318031685548,22.1451359829251
F,,,,,,"-1","0","-1",,,,,90.9786507182276,22.053540517815
S,,,,,,"-1","0","-1",,,,,91.0655769960653,22.0346095795987
G,,,,,,"-1","0","-1",,,,,91.145899996573,22.2905207654379
R,,,,,,"-1","0","-1",,,,,91.283692123093,22.5349774750785
G,,,,,,"-1","0","-1",,,,,91.4895752585551,22.5010517796434
H,,,,,,"-1","0","-1",,,,,91.6598000554707,22.6218512818563
G,,,,,,"-1","0","-1",,,,,91.550500615758,22.7299459577378
A,,,,,,"-1","0","-1",,,,,91.7246802358729,22.7500705448643
A,,,,,,"-1","0","-1",,,,,91.807216611789,22.6610565232836
G,,,,,,"-1","0","-1",,,,,91.8446407691031,22.8294581390466
R,,,,,,"-1","0","-1",,,,,91.9448167595306,22.6954946445331
G,,,,,,"-1","0","-1",,,,,91.9128408915303,22.6313439035856
G,,,,,,"-1","0","-1",,,,,92.0318639142996,22.5542287335273
F,,,,,,"-1","0","-1",,,,,92.1007595793764,22.7335482555293
F,,,,,,"-1","0","-1",,,,,92.2315975570519,22.6541246234703
G,,,,,,"-1","0","-1",,,,,92.2127665309297,22.5021341596581
A,,,,,,"-1","0","-1",,,,,90.2314561278159,23.7420908441252
S,,,,,,"-1","0","-1",,,,,92.1619429802955,21.0437062875806
A,,,,,,"-1","0","-1",,,,,92.1605948305855,21.2691012531419
W,,,,,,"-1","0","-1",,,,,92.0602446218128,21.2176245106095
F,,,,,,"-1","0","-1",,,,,92.0351175153737,21.3394059894596
R,,,,,,"-1","0","-1",,,,,92.2157897584146,21.4095415053115
W,,,,,,"-1","0","-1",,,,,92.3032293137905,21.5371531962036
G,,,,,,"-1","0","-1",,,,,92.4276673757358,21.46510353642
F,,,,,,"-1","0","-1",,,,,92.5190824461619,21.4031103731798
F,,,,,,"-1","0","-1",,,,,92.5967745068442,21.4825492182784
H,,,,,,"-1","0","-1",,,,,92.1609836412472,21.5248877649202
F,,,,,,"-1","0","-1",,,,,92.0134101818655,21.4755309572455
G,,,,,,"-1","0","-1",,,,,92.0915070937037,21.6205626098374
F,,,,,,"-1","0","-1",,,,,92.2241303566594,21.6314012339214
G,,,,,,"-1","0","-1",,,,,92.3708098822632,21.6060593750472
G,,,,,,"-1","0","-1",,,,,92.547888786426,21.610350283323
G,,,,,,"-1","0","-1",,,,,92.4621710794656,21.6750281884452
S,,,,,,"-1","0","-1",,,,,92.5682290470464,21.8024885833337
F,,,,,,"-1","0","-1",,,,,92.4610892075926,21.8263122284807
G,,,,,,"-1","0","-1",,,,,92.3631135656425,21.7542893154879
G,,,,,,"-1","0","-1",,,,,92.2896536741482,21.7055362367539
H,,,,,,"-1","0","-1",,,,,92.2586766739392,21.8287492711938
A,,,,,,"-1","0","-1",,,,,92.0945939970262,21.8162782037571
G,,,,,,"-1","0","-1",,,,,92.1952914854831,21.8885890524027
G,,,,,,"-1","0","-1",,,,,92.3278051224919,21.9321713475707
W,,,,,,"-1","0","-1",,,,,92.3978214412855,21.8844837160431
F,,,,,,"-1","0","-1",,,,,92.5488476595633,21.9351354521944
G,,,,,,"-1","0","-1",,,,,92.5519479345675,22.0345267745043
G,,,,,,"-1","0","-1",,,,,92.4146251003835,22.0327855437402
G,,,,,,"-1","0","-1",,,,,92.4895285541357,22.1241061183363
F,,,,,,"-1","0","-1",,,,,92.5689088925111,22.2068011156115
S,,,,,,"-1","0","-1",,,,,91.8474314028216,21.5191994400803
H,,,,,,"-1","0","-1",,,,,91.9226769238273,21.6382269380117
W,,,,,,"-1","0","-1",,,,,92.018410842262,21.7270145941182
H,,,,,,"-1","0","-1",,,,,91.9164703748383,21.8213218634262
G,,,,,,"-1","0","-1",,,,,91.9922893340308,21.9152801378182
G,,,,,,"-1","0","-1",,,,,92.3842315339243,22.2128200120119
F,,,,,,"-1","0","-1",,,,,92.4764260315945,22.2690255353731
G,,,,,,"-1","0","-1",,,,,92.5484177930921,22.4114970073468
G,,,,,,"-1","0","-1",,,,,92.4170609595771,22.4372561037728
H,,,,,,"-1","0","-1",,,,,92.4657423848579,22.5130057070503
W,,,,,,"-1","0","-1",,,,,92.3709232925485,22.6007152919077
W,,,,,,"-1","0","-1",,,,,92.3142328003393,22.52101298854
S,,,,,,"-1","0","-1",,,,,92.2809760787785,22.3480184979563
F,,,,,,"-1","0","-1",,,,,92.2438799327229,22.2521193027352
H,,,,,,"-1","0","-1",,,,,92.1416828824085,22.3494175375551
G,,,,,,"-1","0","-1",,,,,92.1151893825297,22.2869096989711
S,,,,,,"-1","0","-1",,,,,92.1391033953842,22.1707482114734
H,,,,,,"-1","0","-1",,,,,92.299233615694,22.1175330255063
G,,,,,,"-1","0","-1",,,,,92.2249085278784,22.0179761829643
H,,,,,,"-1","0","-1",,,,,92.0871574601613,22.0142481356382
H,,,,,,"-1","0","-1",,,,,91.942662624083,22.0554941075928
G,,,,,,"-1","0","-1",,,,,91.9700508176193,22.2371857151273
H,,,,,,"-1","0","-1",,,,,91.82591868821,22.2019470947585
W,,,,,,"-1","0","-1",,,,,91.869153777396,22.3363779593911
S,,,,,,"-1","0","-1",,,,,92.0020315015409,22.4021300792509
W,,,,,,"-1","0","-1",,,,,92.1095262066155,22.4548329195199
G,,,,,,"-1","0","-1",,,,,91.8820884865811,22.4893124393573
W,,,,,,"-1","0","-1",,,,,91.7279182582021,22.4858747425836
G,,,,,,"-1","0","-1",,,,,92.0265325930371,22.8382948552975
W,,,,,,"-1","0","-1",,,,,92.215257712198,22.8063761623978
G,,,,,,"-1","0","-1",,,,,92.3932957310352,22.8034324206857
H,,,,,,"-1","0","-1",,,,,92.4864575454228,22.7068104238423
F,,,,,,"-1","0","-1",,,,,92.2945330125786,22.8794563841803
G,,,,,,"-1","0","-1",,,,,92.1414290315026,22.9415359205665
H,,,,,,"-1","0","-1",,,,,92.3132578197816,23.0270529405265
G,,,,,,"-1","0","-1",,,,,92.3439727671082,23.1314590205183
W,,,,,,"-1","0","-1",,,,,92.2134990218794,23.1290343463596
G,,,,,,"-1","0","-1",,,,,92.0455565167973,23.0373899868274
H,,,,,,"-1","0","-1",,,,,91.9324072064582,23.0602453548917
G,,,,,,"-1","0","-1",,,,,92.0393405187808,23.1407177715199
S,,,,,,"-1","0","-1",,,,,92.1622535681009,23.2332454769452
F,,,,,,"-1","0","-1",,,,,92.284937808228,23.273754731173
G,,,,,,"-1","0","-1",,,,,92.3614871948021,23.3634602195116
F,,,,,,"-1","0","-1",,,,,92.2452626201088,23.4380247450382
G,,,,,,"-1","0","-1",,,,,91.8554776058829,23.210621297126
A,,,,,,"-1","0","-1",,,,,91.918603847951,23.3334145514248
G,,,,,,"-1","0","-1",,,,,92.079953280663,23.3352184522572
F,,,,,,"-1","0","-1",,,,,92.0616152991455,23.4274116818329
S,,,,,,"-1","0","-1",,,,,91.973127094797,23.5346317245303
F,,,,,,"-1","0","-1",,,,,92.0243826030851,23.6364495766162
F,,,,,,"-1","0","-1",,,,,92.1277960672968,23.5489292312998
G,,,,,,"-1","0","-1",,,,,92.2434520422001,23.630415279299
A,,,,,,"-1","0","-1",,,,,90.2139027573299,23.9272283097995
W,,,,,,"-1","0","-1",,,,,90.3474514677525,23.9353883432993
A,,,,,,"-1","0","-1",,,,,90.4821882500163,24.0295023913088
W,,,,,,"-1","0","-1",,,,,90.6578056224395,24.0225905205848
A,,,,,,"-1","0","-1",,,,,90.8178453296169,24.0416529650279
A,,,,,,"-1","0","-1",,,,,90.9606705403127,24.1148798517875
H,,,,,,"-1","0","-1",,,,,90.8164943922236,24.1350170160906
A,,,,,,"-1","0","-1",,,,,90.8920774734734,24.2035092168676
A,,,,,,"-1","0","-1",,,,,91.0981281872721,24.1714670679692
A,,,,,,"-1","0","-1",,,,,91.2290017731826,24.2385009201272
A,,,,,,"-1","0","-1",,,,,90.0961160099988,23.9572643347179
H,,,,,,"-1","0","-1",,,,,90.2285056565473,24.0368290427684
G,,,,,,"-1","0","-1",,,,,91.4998077052232,24.2227724304589
F,,,,,,"-1","0","-1",,,,,91.611096067449,24.2685878775618
F,,,,,,"-1","0","-1",,,,,91.8891253772914,24.2267972085262
S,,,,,,"-1","0","-1",,,,,91.841304436705,24.3178182615363
A,,,,,,"-1","0","-1",,,,,91.7489366888031,24.4294121720618
W,,,,,,"-1","0","-1",,,,,91.9685238723135,24.4135969419204
G,,,,,,"-1","0","-1",,,,,92.1112090292544,24.4661274666559
S,,,,,,"-1","0","-1",,,,,89.9462009108379,24.0380994679756
S,,,,,,"-1","0","-1",,,,,90.0818991491664,24.1364917037384
G,,,,,,"-1","0","-1",,,,,90.325987386538,24.1280395931725
W,,,,,,"-1","0","-1",,,,,90.5425748385455,24.1416476625758
A,,,,,,"-1","0","-1",,,,,89.9335552504593,24.197913358194
G,,,,,,"-1","0","-1",,,,,90.1232673236708,24.2312905455382
A,,,,,,"-1","0","-1",,,,,90.2338110549451,24.2073490390041
G,,,,,,"-1","0","-1",,,,,90.374790167502,24.2293923700628
W,,,,,,"-1","0","-1",,,,,90.5058073312221,24.2809832769424
G,,,,,,"-1","0","-1",,,,,89.9966112500673,24.316079362893
A,,,,,,"-1","0","-1",,,,,90.0965469157568,24.3805558016227
H,,,,,,"-1","0","-1",,,,,90.1949821600156,24.3224406265859
A,,,,,,"-1","0","-1",,,,,90.3136371901309,24.416406183639
W,,,,,,"-1","0","-1",,,,,90.4614416472244,24.3981303423743
H,,,,,,"-1","0","-1",,,,,90.3930028759743,24.4949717570889
G,,,,,,"-1","0","-1",,,,,90.1806851906568,24.5012842861322
A,,,,,,"-1","0","-1",,,,,89.9832050255222,24.4465339635886
A,,,,,,"-1","0","-1",,,,,90.063733454166,24.5451664194904
F,,,,,,"-1","0","-1",,,,,90.8721367944337,25.027764071823
A,,,,,,"-1","0","-1",,,,,91.017335465397,25.0591929869719
W,,,,,,"-1","0","-1",,,,,91.1151706655939,25.1470578354345
A,,,,,,"-1","0","-1",,,,,92.4164020617701,24.9295416656862
G,,,,,,"-1","0","-1",,,,,92.3476889968926,25.0197772485321
F,,,,,,"-1","0","-1",,,,,92.1986762158993,25.0755363576227
S,,,,,,"-1","0","-1",,,,,92.248256120553,24.9746890381011
A,,,,,,"-1","0","-1",,,,,92.1839503414037,24.8716784891956
R,,,,,,"-1","0","-1",,,,,92.0996028936131,25.0003695777547
S,,,,,,"-1","0","-1",,,,,92.0239866004383,25.1346624838042
S,,,,,,"-1","0","-1",,,,,90.4965483054859,24.6248570835394
W,,,,,,"-1","0","-1",,,,,90.5393571350641,24.4837619413584
F,,,,,,"-1","0","-1",,,,,90.636800601315,24.588585430484
G,,,,,,"-1","0","-1",,,,,90.5712583339994,24.7153776153969
F,,,,,,"-1","0","-1",,,,,90.639483834759,24.8161559647828
G,,,,,,"-1","0","-1",,,,,90.7437975408969,24.698485743982
F,,,,,,"-1","0","-1",,,,,90.8270930826922,24.5504784689137
A,,,,,,"-1","0","-1",,,,,90.9263236493685,24.6412567081335
F,,,,,,"-1","0","-1",,,,,90.735719498306,24.4447172219456
R,,,,,,"-1","0","-1",,,,,90.6293428735432,24.3452914728595
A,,,,,,"-1","0","-1",,,,,90.7350490404404,24.2550365603386
A,,,,,,"-1","0","-1",,,,,90.9167551244531,24.3768181544527
W,,,,,,"-1","0","-1",,,,,91.0064510549317,24.4925734631113
A,,,,,,"-1","0","-1",,,,,91.0733231600621,24.6078693015233
A,,,,,,"-1","0","-1",,,,,91.0010242380161,24.7148296894838
W,,,,,,"-1","0","-1",,,,,90.8860228789511,24.7950997022962
G,,,,,,"-1","0","-1",,,,,90.80169164436,24.8781921698965
G,,,,,,"-1","0","-1",,,,,91.0069003043171,24.8966708363645
A,,,,,,"-1","0","-1",,,,,91.1160134871961,24.9860969122235
W,,,,,,"-1","0","-1",,,,,91.0920534635883,24.806072109424
A,,,,,,"-1","0","-1",,,,,91.2115488905224,24.9027973181279
S,,,,,,"-1","0","-1",,,,,91.2797229625396,24.9865481901074
G,,,,,,"-1","0","-1",,,,,91.2006249060828,25.0901283234616
H,,,,,,"-1","0","-1",,,,,91.3317271392388,25.1507847300791
W,,,,,,"-1","0","-1",,,,,91.4319568103252,25.091268399895
F,,,,,,"-1","0","-1",,,,,91.5861372229503,25.1400022207627
S,,,,,,"-1","0","-1",,,,,91.7671098892178,25.1178709592439
W,,,,,,"-1","0","-1",,,,,91.6859648783123,25.0443410734974
F,,,,,,"-1","0","-1",,,,,91.5647283323932,25.0040563073219
W,,,,,,"-1","0","-1",,,,,91.4339484154597,24.9437719879141
A,,,,,,"-1","0","-1",,,,,91.5901390264795,24.8795223317437
A,,,,,,"-1","0","-1",,,,,91.72395410499,24.9333523936733
A,,,,,,"-1","0","-1",,,,,91.8480344133181,25.0091787652403
G,,,,,,"-1","0","-1",,,,,91.9683877275538,24.9366743443177
H,,,,,,"-1","0","-1",,,,,92.0196561310442,24.8295510012038
G,,,,,,"-1","0","-1",,,,,92.114617200303,24.7484669175817
G,,,,,,"-1","0","-1",,,,,92.2559835166325,24.7588349609482
H,,,,,,"-1","0","-1",,,,,91.080541218794,24.3191480245997
G,,,,,,"-1","0","-1",,,,,91.1154115670208,24.4337077971491
G,,,,,,"-1","0","-1",,,,,91.2729157201332,24.3992449222213
W,,,,,,"-1","0","-1",,,,,91.2183095152414,24.5310875875619
A,,,,,,"-1","0","-1",,,,,91.2137647219069,24.6948742745664
H,,,,,,"-1","0","-1",,,,,91.2494951537971,24.8337572727432
W,,,,,,"-1","0","-1",,,,,91.3966784230937,24.7682166673138
H,,,,,,"-1","0","-1",,,,,91.53225404968,24.7045754858506
A,,,,,,"-1","0","-1",,,,,91.3925716504571,24.5765200113876
A,,,,,,"-1","0","-1",,,,,91.4262319240195,24.4459270540428
G,,,,,,"-1","0","-1",,,,,91.5555023051756,24.5109215415375
A,,,,,,"-1","0","-1",,,,,91.4205352872229,24.2930134168987
A,,,,,,"-1","0","-1",,,,,91.575731750447,24.3989455308613
W,,,,,,"-1","0","-1",,,,,92.0463555512106,24.6232783248879
A,,,,,,"-1","0","-1",,,,,91.8764722177299,24.5422466525389
H,,,,,,"-1","0","-1",,,,,91.7081323294993,24.6168953054452
H,,,,,,"-1","0","-1",,,,,91.8241956581425,24.6772176556318
G,,,,,,"-1","0","-1",,,,,91.8798763776472,24.8127147171215
F,,,,,,"-1","0","-1",,,,,91.6857997029413,24.783330216526
W,,,,,,"-1","0","-1",,,,,91.9819050991979,24.7123446635493
A,,,,,,"-1","0","-1",,,,,92.0240985712896,24.540534892351
